Accreditation,Brand_Name,Rating,Available,Category
"Cage, Caged",Adelaide Eggs Cage ,Avoid,,egg
"Cage, Caged",Aussie Pride Multi Grain Eggs Cage Laid ,Avoid,,egg
"Cage, Caged",Black & Gold Cage Eggs,Avoid,,egg
"Cage, Caged",Budget Mixed Grade Cage eggs ,Avoid,,egg
"Cage, Caged",Country Classics Cage Eggs ,Avoid,,egg
"Cage, Caged",Country Farmhouse Cage Eggs,Avoid,,egg
"Cage, Caged",Country House Cage Eggs ,Avoid,,egg
"Cage, Caged",Days Eggs Country Fresh Cage Eggs ,Avoid,,egg
"Cage, Caged",Farm Fresh Cage Eggs ,Avoid,,egg
"Cage, Caged",Farm Pride Cage Eggs,Avoid,,egg
"Cage, Caged",Farmer Brown Fresh Cage Eggs,Avoid,,egg
"Cage, Caged",Flinders All Grain Cage Eggs ,Avoid,,egg
"Cage, Caged",Flinders Ranges Cage Eggs,Avoid,,egg
"Cage, Caged",Foodland South Australian Farm Fresh Eggs Cage Eggs,Avoid,,egg
"Cage, Caged",Golden Egg Cage Eggs,Avoid,,egg
"Cage, Caged",Gourmet Breakfast Cage Free Eggs,Avoid,,egg
"Cage, Caged",Homebrand cage eggs,Avoid,,egg
"Cage, Caged",IGA Signature Cage Free Eggs ,Avoid,,egg
"Cage, Caged",Jacobs Well Egg Farm Cage Eggs ,Avoid,,egg
"Cage, Caged",Just 4 You Cage Eggs ,Avoid,,egg
"Cage, Caged",Kalbarri Eggs Fresh Laid Cage Eggs ,Avoid,,egg
"Cage, Caged",Pace Farm Cage Eggs,Avoid,,egg
"Cage, Caged",Swan Valley Cage Eggs,Avoid,,egg
"Cage, Caged",Tassie's Own Cage Eggs ,Avoid,,egg
"Cage, Caged",The Good Egg Cage Eggs,Avoid,,egg
"Cage, Caged",The Good Egg Tasmanian Fresh Cage Eggs ,Avoid,,egg
"Cage, Caged",Value Eggs Fresh Caged Eggs,Avoid,,egg
RSPCA Approved Indoor,MMM Barn Laid Eggs,Good,Available in WA,egg
RSPCA Approved Outdoor,Lucky Chicken Eggs,Best,"Available in ACT, NSW, SA, WA and VIC",egg
RSPCA Approved Outdoor,Rohde's Free Range,Best,"Available in SA, VIC & NSW (Sydney Produce Markets)",egg
RSPCA Approved Outdoor,Farmer Rod's Free Range,Best,Available in NSW,egg
RSPCA Approved Outdoor,Forage Farms Free Range,Best,Available in QLD,egg
FREPA,Good Lookin Googees,Best,,egg
FREPA,Nirvana Free Range Eggs,Best,,egg
Humane Choice,Fryar's Kangaroo Island Eggs,Best,,egg
Humane Choice,Organigrow Organic Free Range Eggs,Best,,egg
Humane Choice,Real Free Range Eggs,Best,,egg
Humane Choice,Kangaroo Island Free Range,Best,"South Australia, Melbourne & Sydney",egg
Humane Choice,Mulloon Creek Natural Farms,Best,,egg
Humane Choice,Organigrow,Best,,egg
Humane Choice,Gumview Free Range Eggs,Best,,egg
Humane Choice,The Ethical Farmers (Egganic),Best,"BU Organics Bondi Junction
Edgecliff Healthfoods
Grass Roots Urban Butcher Vaucluse
Health Emporium - Bondi Road Bondi
The Meat Store - Bondi Junction & Taren Point
Wholefoods House - Dank Street Waterloo, and Queen Street Woollahra
Hudson Meats Butchers - Cammeray, Lane Cove, Mosman & Surry Hills
Thomas Dux Stores - Paddington, Surry Hills, Crows Nest, Lane Cove and Mona Vale
Al Dente Bathurst
M & J's Butchery in Orange
A Slice of Orange in Orange\",egg
Humane Choice,Walker Farm Foods,Best,"Maleny Supa IGA, Your Organic Market, Witta Farmers Market and farm gate.",egg
"Free Range Farmers Association, FRFA",Family Homestead Free Range Eggs,Best,,egg
"Free Range Farmers Association, FRFA",Free As A Bird Free Range Eggs,Best,,egg
"Free Range Farmers Association, FRFA",Free Ranger Free Range Eggs,Best,,egg
"Free Range Farmers Association, FRFA",Moore Brown Free Range Eggs,Best,,egg
"Free Range Farmers Association, FRFA",Rutherford Bros Free Range Eggs,Best,,egg
"Australian Certified Organic, ACO",Macro Organic Free Range Eggs ,Best,Woolworths,egg
"Australian Certified Organic, ACO",Organic Egg Farmers Organic Free Range Eggs ,Best,,egg
"Australian Certified Organic, ACO",Organigrow Organic Free Range Eggs,Best,,egg
"Australian Certified Organic, ACO",Ovaston Organics Organic Free Range Eggs,Best,,egg
"Australian Certified Organic, ACO",Pirovic Eggs - Free Range Organic ,Best,,egg
"Australian Certified Organic, ACO",Southern Highland Organics Organic Free Range Eggs ,Best,,egg
"Australian Certified Organic, ACO",Sunny Queen Organic Free Range Eggs,Best,"Woolworths, Coles",egg
"Australian Certified Organic, ACO",Allamburra Organic Egg,Best,,egg
"Australian Certified Organic, ACO",Beechworth Organic Eggs,Best,,egg
"Australian Certified Organic, ACO",Corndale Grove Eggs,Best,,egg
"Australian Certified Organic, ACO",Country Range Farming Eggs,Best,,egg
"Australian Certified Organic, ACO",Country Range Farming Eco Eggs,Best,,egg
"Australian Certified Organic, ACO",Country Range Farming Macro Eggs,Best,,egg
"Australian Certified Organic, ACO",Daintree Organic Eggs,Best,,egg
"Australian Certified Organic, ACO",The Organic Fine Food Company Eggs,Best,,egg
"Australian Certified Organic, ACO",Eggert Agri Partner Eggs,Best,,egg
"Australian Certified Organic, ACO",Ellerslie Free Range Farm Eggs,Best,,egg
"Australian Certified Organic, ACO",Fraser Coast Free Range Eggs,Best,,egg
"Australian Certified Organic, ACO","Fuitlink Eggs, Organiclink Eggs",Best,,egg
"Australian Certified Organic, ACO",McGwerriton Organic Eggs,Best,,egg
"Australian Certified Organic, ACO",National Environment Centre - Riverina Pasture Grown Eggs,Best,,egg
"Australian Certified Organic, ACO",Nocelle Foods Eggs,Best,,egg
"Australian Certified Organic, ACO",Organic Growers Group Eggs,Best,,egg
"Australian Certified Organic, ACO",Organic Direct Produce Eggs,Best,,egg
"NASAA, NASAA Organic""",Alumuna Free Range Egg Farm,Best,Scarsdale VIC,egg
"NASAA, NASAA Organic""",Black Raven Farm,Best,Arthur's Creek VIC,egg
"NASAA, NASAA Organic""",Bruny Island Cheese Co.,Best,Glen Huon TAS,egg
"NASAA, NASAA Organic""",Buda Organic Foods,Best,Conondale QLD,egg
"NASAA, NASAA Organic""",Captain Creek Vineyard & Winery,Best,Blampied VIC,egg
"NASAA, NASAA Organic""",Christine C Sandford,Best,Ballimore NSW,egg
"NASAA, NASAA Organic""",Elderslie Organics,Best,Ellinbank VIC,egg
"NASAA, NASAA Organic""",Hollyburton Foundation Madelaine's Eggs,Best,Clarkefield VIC,egg
"NASAA, NASAA Organic""",ID & JE Phillips,Best,Kendenup WA,egg
"NASAA, NASAA Organic""",Keane's Organic Food,Best,Trott Park SA,egg
"NASAA, NASAA Organic""",Merryville Farm,Best,Pillar Valley NSW,egg
"NASAA, NASAA Organic""",Mount Ruufus Proprietors,Best,Mintaro SA,egg
"NASAA, NASAA Organic""",Mountford Winery & Vineyard,Best,Pemberton WA,egg
"NASAA, NASAA Organic""",O Batista,Best,Monbulk VIC,egg
"NASAA, NASAA Organic""",Organic Times,Best,Bayswater VIC,egg
"NASAA, NASAA Organic""",Organic Ways,Best,Mundoona VIC,egg
"NASAA, NASAA Organic""",Payneham Vale Organics,Best,Frankland River WA,egg
"NASAA, NASAA Organic""",Randall Organic Rice,Best,Murrami NSW,egg
"NASAA, NASAA Organic""",Raw Pride Organics,Best,Hallora VIC,egg
"NASAA, NASAA Organic""",Redtail Ridge,Best,Mumballup WA,egg
"NASAA, NASAA Organic""",Sandy McNab Partners,Best,Gannawarra VIC,egg
"NASAA, NASAA Organic""",Wambyn Olive Farm,Best,York WA,egg
"Organic Food Chain, OFC",Habitat Vineyard,Best,Nashdale NSW,egg
Coles Egg Production Standard for Free Range,Coles Australian Free Range Eggs ,Best,,egg
"DEMETER, DEMETER Bio-dynamic",Katham Springs Bio-Dynamic Free-range Eggs,Best,,egg
"DEMETER, DEMETER Bio-dynamic",Bullfrog Gully,Best,"Ceres Market, VIC",egg
"DEMETER, DEMETER Bio-dynamic",Powlett Hill,Best,"Ceres Market, VIC",egg
PROOF,Fryar's Kangaroo Island Pastured Free Range Eggs,Best,,egg
PROOF,Fitzy's Farm Pasture Raised Eggs,Best,"Foodland Supermarket, Slick & Son's Butchery",egg
PROOF,Chooks at the Rooke Free Range Pastured Eggs,Best,,egg
PROOF,Forage Farms ,Best,,egg
PROOF,The Old Farm Happy Valley,Best,,egg
PROOF,Golden Yolk Whitsundays,Best,"Bowen IGA, Hamilton Island IGA, Airlie Beach IGA, Proserpine IGA, Master Butchers Whitsundays",egg
PROOF,Gippsland free range eggs,Best,,egg
PROOF,Piggy In The Middle,Best,,egg
PROOF,Feather and Peck,Best,,egg
PROOF,Holbrook Paddock Eggs,Best,"Sydney, Melbourne, Canberra and the Riverina",egg
RSPCA Approved Indoor,Campbell's Real Stock,Good,Available nationally,chicken
RSPCA Approved Indoor,Coles Chicken,Good,Available nationally,chicken
RSPCA Approved Indoor,Compass Group,Good,Available nationally,chicken
RSPCA Approved Indoor,David Jones,Good,Available in NSW and VIC,chicken
RSPCA Approved Indoor,Freedom Farms,Good,Available nationally,chicken
RSPCA Approved Indoor,Game Farm Spatchcock,Good,Available nationally,chicken
RSPCA Approved Indoor,Gami Chicken,Good,"Available ACT, NSW, VIC and WA",chicken
RSPCA Approved Indoor,Grill'd,Good,Available nationally,chicken
RSPCA Approved Indoor,Hazeldene's Chicken,Good,Available in VIC,chicken
RSPCA Approved Indoor,Herbert Adams,Good,Available nationally,chicken
RSPCA Approved Indoor,Nandos,Good,Available nationally,chicken
RSPCA Approved Indoor,Nichols Poultry,Good,Available in TAS,chicken
RSPCA Approved Indoor,Romeo's Chicken,Good,Available in SA & select NSW stores,chicken
RSPCA Approved Indoor,Woolworths Chicken,Good,Available nationally,chicken
RSPCA Approved Indoor,Zambrero ,Good,Available nationally,chicken
RSPCA Approved Indoor,Zeus's Street Greek,Good,"Available ACT, NSW, QLD and WA",chicken
RSPCA Approved Outdoor,Coles Free Range Chicken,Best,Currently available in NSW & VIC,chicken
RSPCA Approved Outdoor,Mt Barker Free Range Chicken,Best,Available in WA,chicken
FREPA,"Baiada Poultry, Lilydale Free Range",Best,,chicken
FREPA,Canter Valley,Best,,chicken
FREPA,Golden Cockerel Chicken,Best,,chicken
FREPA,Hazeldene's Chicken,Best,,chicken
FREPA,Inghams Enterprises,Best,,chicken
FREPA,Red Lea Chicken,Best,,chicken
FREPA,"Turi Foods, Bannockburn",Best,,chicken
Humane Choice,Almond Grove Free Range Poultry,Best,"Feather and Bone, NSW
The Chicken Pantry Victoria Markets, VIC",chicken
Humane Choice,Burrawong Gaian,Best,,chicken
Humane Choice,Walker Farm Foods,Best,"Maleny Supa IGA, Your Organic Market, Witta Farmers Market and farm gate.",chicken
"Australian Certified Organic, ACO",Arcadian Organic and Natural Meat,Best,,chicken
"Australian Certified Organic, ACO",Bellamy's Organic,Best,,chicken
"Australian Certified Organic, ACO",Bendele Farm Organic Poultry,Best,,chicken
"Australian Certified Organic, ACO",Brisband Certified Organic,Best,,chicken
"Australian Certified Organic, ACO",Challenge Meat,Best,,chicken
"Australian Certified Organic, ACO",Cherry Tree Kitchen Organics,Best,,chicken
"Australian Certified Organic, ACO",Cooee Foods,Best,,chicken
"Australian Certified Organic, ACO",Eaternal Health & Organic Foods,Best,,chicken
"Australian Certified Organic, ACO",Epoc Foods,Best,,chicken
"Australian Certified Organic, ACO",Freedom Foods Group,Best,,chicken
"Australian Certified Organic, ACO",Inghams Enterprises Macro,Best,,chicken
"Australian Certified Organic, ACO",Hannah's Organic,Best,,chicken
"Australian Certified Organic, ACO",Inglewood Poultry Farms Macro,Best,,chicken
"Australian Certified Organic, ACO","More Than Organic, Shiralee Organic",Best,,chicken
"Australian Certified Organic, ACO",Organic Paws Chicken,Best,,chicken
"Australian Certified Organic, ACO",Roots in Nature,Best,,chicken
"Australian Certified Organic, ACO",Sherwood Road Organics,Best,,chicken
"Australian Certified Organic, ACO",Simply Goodness,Best,,chicken
"Australian Certified Organic, ACO",The Meat-Ting Place Organics,Best,,chicken
"Australian Certified Organic, ACO",Woolworths Macro Organic,Best,Woolworths,chicken
"NASAA, NASAA Organic",Bellamy's Organic,Best,,chicken
"NASAA, NASAA Organic",Bio Bambino,Best,,chicken
"NASAA, NASAA Organic",Black Raven Farm,Best,,chicken
"NASAA, NASAA Organic",Brith of Life,Best,,chicken
"NASAA, NASAA Organic",Bruny Island Cheese Co.,Best,,chicken
"NASAA, NASAA Organic",Buda Organic Foods,Best,,chicken
"NASAA, NASAA Organic",Captains Creek Vineyard & Winery,Best,Blampied VIC,chicken
"NASAA, NASAA Organic",Cherry Tree Organics,Best,,chicken
"NASAA, NASAA Organic",Elderslie Organics,Best,,chicken
"NASAA, NASAA Organic",Goldfields Trading Organic Production,Best,,chicken
"NASAA, NASAA Organic",Henley Square Foodland,Best,,chicken
"NASAA, NASAA Organic",ID & JE Phillips,Best,,chicken
"NASAA, NASAA Organic",Loriendale Orchard,Best,,chicken
"NASAA, NASAA Organic",Merryville Farm,Best,,chicken
"NASAA, NASAA Organic",Mount Rufus Proprietors,Best,,chicken
"NASAA, NASAA Organic",Mountford Winery & Vineyard,Best,,chicken
"NASAA, NASAA Organic",Norwood Foodland,Best,,chicken
"NASAA, NASAA Organic",O Batista,Best,,chicken
"NASAA, NASAA Organic",Organic Ways,Best,,chicken
"NASAA, NASAA Organic",Payneham Vale Organics,Best,,chicken
"NASAA, NASAA Organic",Randall Organic Rice,Best,,chicken
"NASAA, NASAA Organic",Raw Pride Organics,Best,,chicken
"NASAA, NASAA Organic",RS and CM Underdown,Best,,chicken
"NASAA, NASAA Organic",Tonemade,Best,,chicken
"NASAA, NASAA Organic",Urban Forager,Best,,chicken
PROOF,Alderton's Farming,Best,,chicken
PROOF,Bellasato Farm,Best,"Direct from the farm gate;
Yungaburra Markets (4th Saturday of each month); or
Sunday at Flinders (Cotters) Market Townsville (3rd Sunday of each month only)
Freckle Farm butchers shop - Mackay",chicken
PROOF,Kinmana Organics,Best,"Maidments Meat Service.
Glenelg Organic Corner Store Market, Adelaide.",chicken
PROOF,Dawson valley Free Range,Best,"Sunshine Coast Organic Meats, Sherwood Road and Morley Street Organic Meats",chicken
PROOF,The Old Farm Happy Valley,Best,,chicken
PROOF,Milking Yard Farm,Best,"Hagens Organics, Meatsmith, Peter Bouchier, Vue de Monde, Bistro Vue, Lakehouse, Grossi Florentino, Park Hyatt, Wilson and Market etc.",chicken
PROOF,Nichols Poultry,Best,,chicken
PROOF,Great Northern Poultry,Best,,chicken
PROOF,Grassland Poultry,Best,local farmers market,chicken
PROOF,Topi Open Range,Best,"Blueys Beach News, Farmers Patch Forster, Go Vita Forster & Taree, Seal Rocks General Store, Smiths Lake Butchery, www.farmtofridge.com.au",chicken
"APIQP Indoor, APIQP IN, APIQP✓",,Avoid,,pig
RSPCA Approved Indoor,,Good,,pig
"Outdoor Bred, Raised Indoors on Straw, OB, APIQP✓OB1",,Good,,pig
"APIQP Customer Specification Coles, CSC",,Good,,pig
"APIQP Free Range, APIQP FR, APIQP✓FR",,Best,,pig
RSPCA Approved Outdoor Free Range,Coles Free Range,Best,Available nationally,pig
RSPCA Approved Outdoor Free Range,Gooralie Free Range,Best,Available in QLD,pig
RSPCA Approved Outdoor Free Range,Pandani Select,Best,Available in TAS,pig
RSPCA Approved Outdoor Free Range,Valenca Free Range Pork,Best,,pig
RSPCA Approved Outdoor Free Range,Grill'd,Best,Available nationally,pig
Humane Choice,,Best,,pig
"Australian Certified Organic, ACO",Brisbane Certified Organic,Best,,pig
"Australian Certified Organic, ACO",More Than Organic,Best,,pig
"Australian Certified Organic, ACO",NC Griggs & Co,Best,,pig
"Australian Certified Organic, ACO",Nicholson's Farm Fresh Organic Meat,Best,,pig
"Australian Certified Organic, ACO",Sherwood Road Organics,Best,,pig
"Australian Certified Organic, ACO",Zammit Ham and Bacon Curers,Best,,pig
"NASAA, NASAA Organic",Australian Natural Food Co.,Best,,pig
"NASAA, NASAA Organic",Bertocchi Smallgoods,Best,,pig
"NASAA, NASAA Organic",Cherry Tree Organics,Best,,pig
"NASAA, NASAA Organic",Goldfields Trading-Organic Production,Best,,pig
"NASAA, NASAA Organic",Henley Square Foodland,Best,,pig
"NASAA, NASAA Organic",Linley Valley Pork,Best,,pig
"NASAA, NASAA Organic",Norwood Foodland,Best,,pig
"Tasmanian Certified Organic, TOP",Kelty Farm,Best,"Woodbridge, TAS",pig
PROOF,Shady Waters,Best,,pig
PROOF,Summerland House Farm,Best,,pig
PROOF,Forage Farms,Best,,pig
PROOF,Sunnyville Free Range Pastured Pigs,Best,"Local Farmers Markets, Malanda Meat Co, Sprout Grocers",pig
PROOF,Rhodavale Pork,Best,"*Direct from our on farm butcher shop - GYMPIE & SUNSHINE COAST
*Millers Gourmet Meats - TOOWOOMBA
*Shaws Meats - GYMPIE
*Maleny Butchery - MALENY
*Meat at Sunrise - SUNRISE BEACH
*Bargara Meats - BARGARA
*Kilkivan Meats - KILKIVAN",pig
PROOF,Piggy In The Middle,Best,,pig
PROOF,Goulburn Valley Pork,Best,,pig
PROOF,Emperors Pork,Best,,pig
PROOF,Australian Pastured Pork,Best,"Carina Heights Quality Meats at Carina, QLD, Ted's Butchery at Milton, Southern NSW, The Woolly Sheep at Terranorra, NSW, Manling Meats at Crows Nest, NSW, Mary Valley Smallgoods at Cooroy, QLD, Red Bull Butchery at Grafton, NSW, West High Street Boutique Butchery at Coffs Harbour, NSW",pig