RSPCA Approved Indoor,Campbell's Real Stock,Good,Available nationally
RSPCA Approved Indoor,Coles Chicken,Good,Available nationally
RSPCA Approved Indoor,Compass Group,Good,Available nationally
RSPCA Approved Indoor,David Jones,Good,Available in NSW and VIC
RSPCA Approved Indoor,Freedom Farms,Good,Available nationally
RSPCA Approved Indoor,Game Farm Spatchcock,Good,Available nationally
RSPCA Approved Indoor,Gami Chicken,Good,"Available ACT, NSW, VIC and WA"
RSPCA Approved Indoor,Grill'd,Good,Available nationally
RSPCA Approved Indoor,Hazeldene's Chicken,Good,Available in VIC
RSPCA Approved Indoor,Herbert Adams,Good,Available nationally
RSPCA Approved Indoor,Nandos,Good,Available nationally
RSPCA Approved Indoor,Nichols Poultry,Good,Available in TAS
RSPCA Approved Indoor,Romeo's Chicken,Good,Available in SA & select NSW stores
RSPCA Approved Indoor,Woolworths Chicken,Good,Available nationally
RSPCA Approved Indoor,Zambrero ,Good,Available nationally
RSPCA Approved Indoor,Zeus's Street Greek,Good,"Available ACT, NSW, QLD and WA"
RSPCA Approved Outdoor,Coles Free Range Chicken,Best,Currently available in NSW & VIC
RSPCA Approved Outdoor,Mt Barker Free Range Chicken,Best,Available in WA
FREPA,"Baiada Poultry, Lilydale Free Range",Best,
FREPA,Canter Valley,Best,
FREPA,Golden Cockerel Chicken,Best,
FREPA,Hazeldene's Chicken,Best,
FREPA,Inghams Enterprises,Best,
FREPA,Red Lea Chicken,Best,
FREPA,"Turi Foods, Bannockburn",Best,
Humane Choice,Almond Grove Free Range Poultry,Best,"Feather and Bone, NSW; The Chicken Pantry Victoria Markets, VIC"
Humane Choice,Burrawong Gaian,Best,
Humane Choice,Walker Farm Foods,Best,"Maleny Supa IGA, Your Organic Market, Witta Farmers Market and farm gate."
"Australian Certified Organic, ACO",Arcadian Organic and Natural Meat,Best,
"Australian Certified Organic, ACO",Bellamy's Organic,Best,
"Australian Certified Organic, ACO",Bendele Farm Organic Poultry,Best,
"Australian Certified Organic, ACO",Brisband Certified Organic,Best,
"Australian Certified Organic, ACO",Challenge Meat,Best,
"Australian Certified Organic, ACO",Cherry Tree Kitchen Organics,Best,
"Australian Certified Organic, ACO",Cooee Foods,Best,
"Australian Certified Organic, ACO",Eaternal Health & Organic Foods,Best,
"Australian Certified Organic, ACO",Epoc Foods,Best,
"Australian Certified Organic, ACO",Freedom Foods Group,Best,
"Australian Certified Organic, ACO",Inghams Enterprises Macro,Best,
"Australian Certified Organic, ACO",Hannah's Organic,Best,
"Australian Certified Organic, ACO",Inglewood Poultry Farms Macro,Best,
"Australian Certified Organic, ACO","More Than Organic, Shiralee Organic",Best,
"Australian Certified Organic, ACO",Organic Paws Chicken,Best,
"Australian Certified Organic, ACO",Roots in Nature,Best,
"Australian Certified Organic, ACO",Sherwood Road Organics,Best,
"Australian Certified Organic, ACO",Simply Goodness,Best,
"Australian Certified Organic, ACO",The Meat-Ting Place Organics,Best,
"Australian Certified Organic, ACO",Woolworths Macro Organic,Best,Woolworths
"NASAA, NASAA Organic",Bellamy's Organic,Best,
"NASAA, NASAA Organic",Bio Bambino,Best,
"NASAA, NASAA Organic",Black Raven Farm,Best,
"NASAA, NASAA Organic",Brith of Life,Best,
"NASAA, NASAA Organic",Bruny Island Cheese Co.,Best,
"NASAA, NASAA Organic",Buda Organic Foods,Best,
"NASAA, NASAA Organic",Captains Creek Vineyard & Winery,Best,Blampied VIC
"NASAA, NASAA Organic",Cherry Tree Organics,Best,
"NASAA, NASAA Organic",Elderslie Organics,Best,
"NASAA, NASAA Organic",Goldfields Trading Organic Production,Best,
"NASAA, NASAA Organic",Henley Square Foodland,Best,
"NASAA, NASAA Organic",ID & JE Phillips,Best,
"NASAA, NASAA Organic",Loriendale Orchard,Best,
"NASAA, NASAA Organic",Merryville Farm,Best,
"NASAA, NASAA Organic",Mount Rufus Proprietors,Best,
"NASAA, NASAA Organic",Mountford Winery & Vineyard,Best,
"NASAA, NASAA Organic",Norwood Foodland,Best,
"NASAA, NASAA Organic",O Batista,Best,
"NASAA, NASAA Organic",Organic Ways,Best,
"NASAA, NASAA Organic",Payneham Vale Organics,Best,
"NASAA, NASAA Organic",Randall Organic Rice,Best,
"NASAA, NASAA Organic",Raw Pride Organics,Best,
"NASAA, NASAA Organic",RS and CM Underdown,Best,
"NASAA, NASAA Organic",Tonemade,Best,
"NASAA, NASAA Organic",Urban Forager,Best,
PROOF,Alderton's Farming,Best,
PROOF,Bellasato Farm,Best,Direct from the farm gate; Yungaburra Markets (4th Saturday of each month); orSunday at Flinders (Cotters) Market Townsville (3rd Sunday of each month only); Freckle Farm butchers shop - Mackay
PROOF,Kinmana Organics,Best,"Maidments Meat Service.; Glenelg Organic Corner Store Market, Adelaide."
PROOF,Dawson valley Free Range,Best,"Sunshine Coast Organic Meats, Sherwood Road and Morley Street Organic Meats"
PROOF,The Old Farm Happy Valley,Best,
PROOF,Milking Yard Farm,Best,"Hagens Organics, Meatsmith, Peter Bouchier, Vue de Monde, Bistro Vue, Lakehouse, Grossi Florentino, Park Hyatt, Wilson and Market etc."
PROOF,Nichols Poultry,Best,
PROOF,Great Northern Poultry,Best,
PROOF,Grassland Poultry,Best,local farmers market
PROOF,Topi Open Range,Best,"Blueys Beach News, Farmers Patch Forster, Go Vita Forster & Taree, Seal Rocks General Store, Smiths Lake Butchery, www.farmtofridge.com.au"