"Cage, Caged",Adelaide Eggs Cage ,Avoid,
"Cage, Caged",Aussie Pride Multi Grain Eggs Cage Laid ,Avoid,
"Cage, Caged",Black & Gold Cage Eggs,Avoid,
"Cage, Caged",Budget Mixed Grade Cage eggs ,Avoid,
"Cage, Caged",Country Classics Cage Eggs ,Avoid,
"Cage, Caged",Country Farmhouse Cage Eggs,Avoid,
"Cage, Caged",Country House Cage Eggs ,Avoid,
"Cage, Caged",Days Eggs Country Fresh Cage Eggs ,Avoid,
"Cage, Caged",Farm Fresh Cage Eggs ,Avoid,
"Cage, Caged",Farm Pride Cage Eggs,Avoid,
"Cage, Caged",Farmer Brown Fresh Cage Eggs,Avoid,
"Cage, Caged",Flinders All Grain Cage Eggs ,Avoid,
"Cage, Caged",Flinders Ranges Cage Eggs,Avoid,
"Cage, Caged",Foodland South Australian Farm Fresh Eggs Cage Eggs,Avoid,
"Cage, Caged",Golden Egg Cage Eggs,Avoid,
"Cage, Caged",Gourmet Breakfast Cage Free Eggs,Avoid,
"Cage, Caged",Homebrand cage eggs,Avoid,
"Cage, Caged",IGA Signature Cage Free Eggs ,Avoid,
"Cage, Caged",Jacobs Well Egg Farm Cage Eggs ,Avoid,
"Cage, Caged",Just 4 You Cage Eggs,Avoid,
"Cage, Caged",Kalbarri Eggs Fresh Laid Cage Eggs ,Avoid,
"Cage, Caged",Pace Farm Cage Eggs,Avoid,
"Cage, Caged",Swan Valley Cage Eggs,Avoid,
"Cage, Caged",Tassie's Own Cage Eggs ,Avoid,
"Cage, Caged",The Good Egg Cage Eggs,Avoid,
"Cage, Caged",The Good Egg Tasmanian Fresh Cage Eggs ,Avoid,
"Cage, Caged",Value Eggs Fresh Caged Eggs,Avoid,
RSPCA Approved Indoor,MMM Barn Laid Eggs,Good,Available in WA
RSPCA Approved Outdoor,Lucky Chicken Eggs,Best,"Available in ACT, NSW, SA, WA and VIC"
RSPCA Approved Outdoor,Rohde's Free Range,Best,"Available in SA, VIC & NSW (Sydney Produce Markets)"
RSPCA Approved Outdoor,Farmer Rod's Free Range,Best,Available in NSW
RSPCA Approved Outdoor,Forage Farms Free Range,Best,Available in QLD
FREPA,Good Lookin Googees,Best,
FREPA,Nirvana Free Range Eggs,Best,
Humane Choice,Fryar's Kangaroo Island Eggs,Best,
Humane Choice,Organigrow Organic Free Range Eggs,Best,
Humane Choice,Real Free Range Eggs,Best,
Humane Choice,Kangaroo Island Free Range,Best,"South Australia, Melbourne & Sydney"
Humane Choice,Mulloon Creek Natural Farms,Best,
Humane Choice,Organigrow,Best,
Humane Choice,Gumview Free Range Eggs,Best,
Humane Choice,The Ethical Farmers (Egganic),Best,"BU Organics Bondi Junction; Edgecliff Healthfoods; Grass Roots Urban Butcher Vaucluse; Health Emporium - Bondi Road Bondi; The Meat Store - Bondi Junction & Taren Point; Wholefoods House - Dank Street Waterloo, and Queen Street Woollahra; Hudson Meats Butchers - Cammeray, Lane Cove, Mosman & Surry Hills;Thomas Dux Stores - Paddington, Surry Hills, Crows Nest, Lane Cove and Mona Vale;Al Dente Bathurst; M & J's Butchery in Orange;A Slice of Orange in Orange\"
Humane Choice,Walker Farm Foods,Best,"Maleny Supa IGA, Your Organic Market, Witta Farmers Market and farm gate."
"Free Range Farmers Association, FRFA",Family Homestead Free Range Eggs,Best,
"Free Range Farmers Association, FRFA",Free As A Bird Free Range Eggs,Best,
"Free Range Farmers Association, FRFA",Free Ranger Free Range Eggs,Best,
"Free Range Farmers Association, FRFA",Moore Brown Free Range Eggs,Best,
"Free Range Farmers Association, FRFA",Rutherford Bros Free Range Eggs,Best,
"Australian Certified Organic, ACO",Macro Organic Free Range Eggs ,Best,Woolworths
"Australian Certified Organic, ACO",Organic Egg Farmers Organic Free Range Eggs ,Best,
"Australian Certified Organic, ACO",Organigrow Organic Free Range Eggs,Best,
"Australian Certified Organic, ACO",Ovaston Organics Organic Free Range Eggs,Best,
"Australian Certified Organic, ACO",Pirovic Eggs - Free Range OrganicÂ ,Best,
"Australian Certified Organic, ACO",Southern Highland Organics Organic Free Range Eggs ,Best,
"Australian Certified Organic, ACO",Sunny Queen Organic Free Range Eggs,Best,"Woolworths, Coles"
"Australian Certified Organic, ACO",Allamburra Organic Egg,Best,
"Australian Certified Organic, ACO",Beechworth Organic Eggs,Best,
"Australian Certified Organic, ACO",Corndale Grove Eggs,Best,
"Australian Certified Organic, ACO",Country Range Farming Eggs,Best,
"Australian Certified Organic, ACO",Country Range Farming Eco Eggs,Best,
"Australian Certified Organic, ACO",Country Range Farming Macro Eggs,Best,
"Australian Certified Organic, ACO",Daintree Organic Eggs,Best,
"Australian Certified Organic, ACO",The Organic Fine Food Company Eggs,Best,
"Australian Certified Organic, ACO",Eggert Agri Partner Eggs,Best,
"Australian Certified Organic, ACO",Ellerslie Free Range Farm Eggs,Best,
"Australian Certified Organic, ACO",Fraser Coast Free Range Eggs,Best,
"Australian Certified Organic, ACO","Fuitlink Eggs, Organiclink Eggs",Best,
"Australian Certified Organic, ACO",McGwerriton Organic Eggs,Best,
"Australian Certified Organic, ACO",National Environment Centre - Riverina Pasture Grown Eggs,Best,
"Australian Certified Organic, ACO",Nocelle Foods Eggs,Best,
"Australian Certified Organic, ACO",Organic Growers Group Eggs,Best,
"Australian Certified Organic, ACO",Organic Direct Produce Eggs,Best,
"NASAA, NASAA Organic""",Alumuna Free Range Egg Farm,Best,Scarsdale VIC
"NASAA, NASAA Organic""",Black Raven Farm,Best,Arthur's Creek VIC
"NASAA, NASAA Organic""",Bruny Island Cheese Co.,Best,Glen Huon TAS
"NASAA, NASAA Organic""",Buda Organic Foods,Best,Conondale QLD
"NASAA, NASAA Organic""",Captain Creek Vineyard & Winery,Best,Blampied VIC
"NASAA, NASAA Organic""",Christine C Sandford,Best,Ballimore NSW
"NASAA, NASAA Organic""",Elderslie Organics,Best,Ellinbank VIC
"NASAA, NASAA Organic""",Hollyburton Foundation Madelaine's Eggs,Best,Clarkefield VIC
"NASAA, NASAA Organic""",ID & JE Phillips,Best,Kendenup WA
"NASAA, NASAA Organic""",Keane's Organic Food,Best,Trott Park SA
"NASAA, NASAA Organic""",Merryville Farm,Best,Pillar Valley NSW
"NASAA, NASAA Organic""",Mount Ruufus Proprietors,Best,Mintaro SA
"NASAA, NASAA Organic""",Mountford Winery & Vineyard,Best,Pemberton WA
"NASAA, NASAA Organic""",O Batista,Best,Monbulk VIC
"NASAA, NASAA Organic""",Organic Times,Best,Bayswater VIC
"NASAA, NASAA Organic""",Organic Ways,Best,Mundoona VIC
"NASAA, NASAA Organic""",Payneham Vale Organics,Best,Frankland River WA
"NASAA, NASAA Organic""",Randall Organic Rice,Best,Murrami NSW
"NASAA, NASAA Organic""",Raw Pride Organics,Best,Hallora VIC
"NASAA, NASAA Organic""",Redtail Ridge,Best,Mumballup WA
"NASAA, NASAA Organic""",Sandy McNab Partners,Best,Gannawarra VIC
"NASAA, NASAA Organic""",Wambyn Olive Farm,Best,York WA
"Organic Food Chain, OFC",Habitat Vineyard,Best,Nashdale NSW
Coles Egg Production Standard for Free Range,Coles Australian Free Range Eggs ,Best,
"DEMETER, DEMETER Bio-dynamic",Katham Springs Bio-Dynamic Free-range Eggs,Best,
"DEMETER, DEMETER Bio-dynamic",Bullfrog Gully,Best,"Ceres Market, VIC"
"DEMETER, DEMETER Bio-dynamic",Powlett Hill,Best,"Ceres Market, VIC"
PROOF,Fryar's Kangaroo Island Pastured Free Range Eggs,Best,
PROOF,Fitzy's Farm Pasture Raised Eggs,Best,"Foodland Supermarket, Slick & Son's Butchery"
PROOF,Chooks at the Rooke Free Range Pastured Eggs,Best,
PROOF,Forage Farms ,Best,
PROOF,The Old Farm Happy Valley,Best,
PROOF,Golden Yolk Whitsundays,Best,"Bowen IGA, Hamilton Island IGA, Airlie Beach IGA, Proserpine IGA, Master Butchers Whitsundays"
PROOF,Gippsland free range eggs,Best,
PROOF,Piggy In The Middle,Best,
PROOF,Feather and Peck,Best,
PROOF,Holbrook Paddock Eggs,Best,"Sydney, Melbourne, Canberra and the Riverina"